{
  "_meta": {
    "maxChars": {
      "welcome": "50"
    }
  },
  "en": {
    "welcome": "Welcome!",
    "title": "<size=50>Attack on Blob</size>\nMultiply and Divide",
    "credits": "CREDITS",
    "credits_desc": "Written by: David Dionisio\nMusic from: Kevin Macleod",
    "play": "PLAY",
    "newGame": "NEW GAME",
    "continue": "CONTINUE",
    "multiply": "Multiply",
    "divide": "Divide",
    "equal": "Equal",
    "operators": "OPERATORS",
    "ready": "READY",
    "set": "SET",
    "go": "GO",
    "victory": "VICTORY",
    "score": "SCORE",
    "time": "TIME",
    "time_bonus": "TIME BONUS",
    "perfect": "PERFECT",
    "total": "TOTAL",
    "options": "OPTIONS",
    "music": "MUSIC",
    "sound": "SOUND",
    "speech": "SPEECH",
    "on": "ON",
    "off": "OFF",
    "close": "CLOSE",
    "complete": "COMPLETE",
    "scanning": "Scanning…",
    "found": "Found: Unidentified Space Objects.",
    "danger": "Danger!",
    "intro_1": "Multiple space blobs are dangerously approaching Earth!",
    "intro_2": "We must strike them down!",
    "intro_ops_1": "With these operators, we can get rid of them with ease.",
    "intro_end": "Commencing mission: Attack on Blob!",
    "mult2_title": "Multiples of 2",
    "mult3_title": "Multiples of 3",
    "mult4_title": "Multiples of 4",
    "mult5_title": "Multiples of 5",
    "mult6_title": "Multiples of 6",
    "mult7_title": "Multiples of 7",
    "mult8_title": "Multiples of 8",
    "mult9_title": "Multiples of 9",
    "mult10_title": "Multiples of 10",
    "multiplicationTable": "Multiplication Table",
    "mult10_other_title": "...also 100, 1000, and so forth.",
    "multTable_instruct": "Press this button to review the multiplication table.",
    "proceed_instruct": "Press this button to proceed.",
    "multiplication": "Multiplication",
    "division": "Division",
    "example": "Example",
    "commutative_title": "Commutative Property",
    "associative_title": "Associative Property",
    "distributive_title": "Distributive Property",
    "not_commutative": "Not Commutative!",
    "not_associative": "Not Associative!",
    "lesson_1_intro_1": "Before we proceed, let's learn some tricks with multiplication!",
    "lesson_1_mult2_1": "In multiples of two, the trick is to simply double the number.",
    "lesson_1_commutative_1": "The commutative property means that multiplying numbers in any order gives the same answer.",
    "lesson_1_commutative_2": "For example: 2 times 3 and 3 times 2 equal 6.",
    "lesson_1_commutative_3": "With this trick, you only have to remember half of the multiplication table!",
    "lesson_1_tutorial_1": "Now banish these blobs by connecting them in the correct order using multiplication.",
    "lesson_1_tutorial_end_1": "Excellent! You are now ready for the mission!",
    "lesson_2_intro_1": "Good work! Now it's time to step up the game with multiples of 3 and 4, along with division.",
    "lesson_2_mult3_1": "In multiples of three: double the number and then add the original number.",
    "lesson_2_mult3_2": "For example, 3 times 6: double 6 to get 12, and then add 6 to get 18.",
    "lesson_2_mult4_1": "In multiples of four: double the number, and then double it again.",
    "lesson_2_mult4_2": "For example, 4 times 6: double 6 to get 12, and then double 12 to get 24.",
    "lesson_2_div_1": "When it comes to division, think of it as the opposite of multiplication.",
    "lesson_2_div_2": "Rearranging the equation and replacing division with multiplication can help.",
    "lesson_2_div_3": "Unlike multiplication, division is not commutative. So, the order of the numbers cannot be changed.",
    "lesson_2_tutorial_1": "For the next mission, some blobs must be matched using division. Go ahead and try it out.",
    "lesson_2_tutorial_end_1": "Excellent! You are now ready for the mission!",
    "lesson_3_intro_1": "So far so good! Now it's time to go over the multiples of 5 and 6.",
    "lesson_3_mult5_1": "There are several ways to go about with the multiples of 5.",
    "lesson_3_mult5_2": "You can count in fives, alternating between 0's and 5's.",
    "lesson_3_mult5_3": "Or, you can multiply the number by 10, and then half it.",
    "lesson_3_mult6_1": "In multiples of 6, a good approach is to first multiply the number by 5, and then add the original number.",
    "lesson_3_mult6_2": "For example, 6 times 7: multiply 7 by 5 to get 35, and then add 7 to get 42.",
    "lesson_3_associative_1": "The associative property means that we can group any of the numbers in the equation.",
    "lesson_3_associative_2": "Numbers that are grouped together will be calculated first.",
    "lesson_3_associative_3": "This trick is useful in multiplication if you want to split up a large number into several multiples.",
    "lesson_3_associative_4": "Remember that unlike multiplication, division is not associative.",
    "lesson_3_end_1": "Now let us proceed to the next mission!",
    "lesson_4_intro_1": "We are almost there! Let's take a look at some tricks for the multiples of 7 and 8.",
    "lesson_4_mult7_1": "In multiples of 7, a good trick is to multiply the number by 5, and then add the original number twice.",
    "lesson_4_mult7_2": "You can also use the multiples of 6: multiply the number by 6, and then add the original number.",
    "lesson_4_mult8_1": "In multiples of 8: double the number three times.",
    "lesson_4_mult8_2": "For example, 8 times 4: double 4 to get 8, double 8 to get 16, and finally double 16 to get 32.",
    "lesson_4_distributive_1": "The distributive property allows you to distribute a number to a group.",
    "lesson_4_distributive_2": "When using multiplication, this is a good trick for splitting up a number, then computing each one separately.",
    "lesson_4_distributive_3": "As they say: when an obstacle is too large to handle, divide and conquer.",
    "lesson_4_end_1": "Now onward to the next mission!",
    "lesson_5_intro_1": "We are just one mission away from total victory! Let's look at the last two multiples: 9 and 10.",
    "lesson_5_mult9_1": "In multiples of 9: simply multiply the number by 10, and then subtract the original number.",
    "lesson_5_mult9_2": "For example, 9 times 6: multiply 6 by 10 to get 60, and then subtract 6 to get 54.",
    "lesson_5_mult10_1": "In multiples of 10: just add a 0 at the end of the number.",
    "lesson_5_mult10_2": "In fact, you can do this for any amount of 0's such as: 100, 1000, etc.",
    "lesson_5_end_1": "Now it's time to clean up the last remaining blobs. Good luck!",
    "congratulations": "CONGRATULATIONS!",
    "congrats_desc": "You have banished all of the blobs! Earth is safe!",
    "thank_you_for_playing": "Thank you for playing!",
    "summary": "SUMMARY",
    "mult3_4_title": "Multiples of 3 and 4",
    "mult5_6_title": "Multiples of 5 and 6",
    "mult7_8_title": "Multiples of 7 and 8",
    "mult9_10_title": "Multiples of 9 and 10",
    "final_score": "Final Score",
    "bonus_round": "BONUS ROUND",
    "commutative": "COMMUTATIVE",
    "associative": "ASSOCIATIVE",
    "distributive": "DISTRIBUTIVE",
    "division_cap": "DIVISION",
    "bonus_instruct": "Drag the correct numbers on the slots.",
    "proceed": "PROCEED",
    "bonus_time_expired": "TIME'S UP!",
    "bonus_incorrect": "INCORRECT!",
    "bonus_score_format": "BONUS SCORE: +{0}",
    "link_disconnect_tutorial": "Press this button to remove all the links.",
    "rank": "RANK",
    "retry_desc": "It seems you had some trouble with this level. Press RESTART if you want to try again, or CONTINUE to go to the next lesson.",
    "restart": "RESTART"
  },
  "es": {
    "welcome": "Bienvenido!",
    "title": "<size=50>Ataque a Blob</size>\r\nMultiplicar y dividir",
    "credits": "CRÉDITOS",
    "credits_desc": "Escrito por: David Dionisio\r\nMúsica de: Kevin Macleod",
    "play": "JUGAR",
    "newGame": "NUEVO JUEGO",
    "continue": "CONTINUAR",
    "multiply": "Multiplicar",
    "divide": "Dividir",
    "equal": "Igual",
    "operators": "OPERADORES",
    "ready": "LISTO",
    "set": "CONJUNTO",
    "go": "IR",
    "victory": "VICTORIA",
    "score": "PUNTUACIÓN",
    "time": "TIEMPO",
    "time_bonus": "BONO DE TIEMPO",
    "perfect": "PERFECTO",
    "total": "TOTAL",
    "options": "OPCIONES",
    "music": "MÚSICA",
    "sound": "SONIDO",
    "speech": "DISCURSO",
    "on": "ENCENDIDO",
    "off": "APAGADO",
    "close": "CERCA",
    "complete": "COMPLETAR",
    "scanning": "Escaneo...",
    "found": "Encontrado: Objetos espaciales no identificados.",
    "danger": "Peligro.",
    "intro_1": "¡Múltiples blobs espaciales se acercan peligrosamente a la Tierra!",
    "intro_2": "¡Debemos derribarlos!",
    "intro_ops_1": "Con estos operadores, podemos deshacernos de ellos con facilidad.",
    "intro_end": "Comienzo de la misión: ¡Ataque a Blob!",
    "mult2_title": "Múltiplos de 2",
    "mult3_title": "Múltiplos de 3",
    "mult4_title": "Múltiplos de 4",
    "mult5_title": "Múltiplos de 5",
    "mult6_title": "Múltiplos de 6",
    "mult7_title": "Múltiplos de 7",
    "mult8_title": "Múltiplos de 8",
    "mult9_title": "Múltiplos de 9",
    "mult10_title": "Múltiplos de 10",
    "multiplicationTable": "Tabla de multiplicación",
    "mult10_other_title": "... también 100, 1000, etc.",
    "multTable_instruct": "Pulse este botón para revisar la tabla de multiplicación.",
    "proceed_instruct": "Pulsa este botón para continuar.",
    "multiplication": "Multiplicación",
    "division": "División",
    "example": "Ejemplo",
    "commutative_title": "Propiedad conmutativa",
    "associative_title": "Propiedad asociativa",
    "distributive_title": "Propiedad distributiva",
    "not_commutative": "¡No conmutativo!",
    "not_associative": "¡No asociativo!",
    "lesson_1_intro_1": "Antes de continuar, aprendamos algunos trucos con multiplicación.",
    "lesson_1_mult2_1": "En múltiplos de dos, el truco es simplemente duplicar el número.",
    "lesson_1_commutative_1": "La propiedad conmutativa significa que multiplicar números en cualquier orden da la misma respuesta.",
    "lesson_1_commutative_2": "Por ejemplo: 2 por 3 y 3 por 2 iguales a 6.",
    "lesson_1_commutative_3": "Con este truco, solo tienes que recordar la mitad de la tabla de multiplicación.",
    "lesson_1_tutorial_1": "Ahora desterrar estas manchas conectándolas en el orden correcto mediante la multiplicación.",
    "lesson_1_tutorial_end_1": "Excelente. ¡Ya estás listo para la misión!",
    "lesson_2_intro_1": "Buen trabajo. Ahora es el momento de intensificar el juego con múltiplos de 3 y 4, junto con la división.",
    "lesson_2_mult3_1": "En múltiplos de tres: doble el número y, a continuación, sume el número original.",
    "lesson_2_mult3_2": "Por ejemplo, 3 por 6: doble 6 para obtener 12 y luego añadir 6 para obtener 18.",
    "lesson_2_mult4_1": "En múltiplos de cuatro: doble el número y, a continuación, el doble de nuevo.",
    "lesson_2_mult4_2": "Por ejemplo, 4 por 6: doble 6 para obtener 12 y luego dobla 12 para obtener 24.",
    "lesson_2_div_1": "Cuando se trata de división, piénsalo como lo opuesto a la multiplicación.",
    "lesson_2_div_2": "La reorganización de la ecuación y la sustitución de la división por la multiplicación pueden ayudar.",
    "lesson_2_div_3": "A diferencia de la multiplicación, la división no es conmutativa. Por lo tanto, el orden de los números no se puede cambiar.",
    "lesson_2_tutorial_1": "Para la próxima misión, algunos blobs deben igualarse mediante división. Adelante y pruébalo.",
    "lesson_2_tutorial_end_1": "Excelente. ¡Ya estás listo para la misión!",
    "lesson_3_intro_1": "¡Hasta ahora está bien! Ahora es el momento de repasar los múltiplos de 5 y 6.",
    "lesson_3_mult5_1": "Hay varias formas de hacerlo con los múltiplos de 5.",
    "lesson_3_mult5_2": "Puedes contar en cinco, alternando entre 0 y 5.",
    "lesson_3_mult5_3": "O bien, puedes multiplicar el número por 10 y luego la mitad.",
    "lesson_3_mult6_1": "En múltiplos de 6, un buen enfoque consiste en multiplicar primero el número por 5 y, a continuación, añadir el número original.",
    "lesson_3_mult6_2": "Por ejemplo, 6 por 7: multiplica 7 por 5 para obtener 35 y, a continuación, añadir 7 para obtener 42.",
    "lesson_3_associative_1": "La propiedad asociativa significa que podemos agrupar cualquiera de los números de la ecuación.",
    "lesson_3_associative_2": "Los números que se agrupan juntos se calcularán primero.",
    "lesson_3_associative_3": "Este truco es útil para la multiplicación si quieres dividir un gran número en varios múltiplos.",
    "lesson_3_associative_4": "Recuerda que, a diferencia de la multiplicación, la división no es asociativa.",
    "lesson_3_end_1": "¡Ahora vamos a pasar a la próxima misión!",
    "lesson_4_intro_1": "¡Ya casi llegamos! Echemos un vistazo a algunos trucos para los múltiplos de 7 y 8.",
    "lesson_4_mult7_1": "En múltiplos de 7, un buen truco es multiplicar el número por 5 y, a continuación, añadir el número original dos veces.",
    "lesson_4_mult7_2": "También puedes usar los múltiplos de 6: multiplica el número por 6 y luego añade el número original.",
    "lesson_4_mult8_1": "En múltiplos de 8: doble el número tres veces.",
    "lesson_4_mult8_2": "Por ejemplo, 8 por 4: doble 4 para obtener 8, doble 8 para obtener 16 y, finalmente, doble 16 para obtener 32.",
    "lesson_4_distributive_1": "La propiedad distributiva permite distribuir un número a un grupo.",
    "lesson_4_distributive_2": "Cuando se utiliza la multiplicación, este es un buen truco para dividir un número y luego calcular cada uno por separado.",
    "lesson_4_distributive_3": "Como dicen: cuando un obstáculo es demasiado grande para manejarlo, dividir y vencer.",
    "lesson_4_end_1": "¡Ahora vamos a la próxima misión!",
    "lesson_5_intro_1": "¡Estamos a una misión de la victoria total! Veamos los dos últimos múltiplos: 9 y 10.",
    "lesson_5_mult9_1": "En múltiplos de 9: simplemente multiplica el número por 10 y luego resta el número original.",
    "lesson_5_mult9_2": "Por ejemplo, 9 por 6: multiplica 6 por 10 para obtener 60 y luego restar 6 para obtener 54.",
    "lesson_5_mult10_1": "En múltiplos de 10: basta con añadir un 0 al final del número.",
    "lesson_5_mult10_2": "De hecho, puedes hacerlo por cualquier cantidad de 0 como: 100, 1000, etc.",
    "lesson_5_end_1": "Ahora es el momento de limpiar las últimas manchas que quedan. Buena suerte.",
    "congratulations": "FELICITACIONES!",
    "congrats_desc": "¡Has desterrado todos los blobs! ¡La tierra está a salvo!",
    "thank_you_for_playing": "¡Gracias por jugar!",
    "summary": "RESUMEN",
    "mult3_4_title": "Múltiplos de 3 y 4",
    "mult5_6_title": "Múltiplos de 5 y 6",
    "mult7_8_title": "Múltiplos de 7 y 8",
    "mult9_10_title": "Múltiplos de 9 y 10",
    "final_score": "Puntuación final",
    "bonus_round": "RONDA DE BONIFICACIÓN",
    "commutative": "CONMUTATIVO",
    "associative": "ASOCIATIVO",
    "distributive": "DISTRIBUTIVO",
    "division_cap": "DIVISIÓN",
    "bonus_instruct": "Arrastre los números correctos en las ranuras.",
    "proceed": "PROCEDER",
    "bonus_time_expired": "¡SE ACABÓ EL TIEMPO!",
    "bonus_incorrect": "INCORRECTO!",
    "bonus_score_format": "PUNTUACIÓN DE BONIFICACIÓN: + {0}",
    "link_disconnect_tutorial": "Pulsa este botón para eliminar todos los enlaces.",
    "rank": "RANGO",
    "retry_desc": "",
    "restart": ""
  }
}